eduction,salary_low,salary_high
大专及以上,11.842105263157896,20.763157894736842
学历不限,11.958333333333334,21.25
本科及以上,14.942465753424658,25.91780821917808
硕士及以上,15.625,28.625
